INSERT IGNORE INTO hotels (id, name, image_name, description, price, capacity, postal_code, address, phone_number) VALUES (1, '界 ポロト', 'hotel01.jpg', 'ポロト湖の懐にひたる、とんがり湯小屋の宿', 31000, 3, '〒059-0902','北海道白老郡白老町若草町XX-XXXX-XX', '012-345-678');
INSERT IGNORE INTO hotels (id, name, image_name, description, price, capacity, postal_code, address, phone_number) VALUES (2, 'OMO7旭川', 'hotel02.jpg', 'たくさんの物語と街が調和するホテル', 32000, 2, '〒070-0036', '北海道旭川市X条通X丁目', '012-345-678');
INSERT IGNORE INTO hotels (id, name, image_name, description, price, capacity, postal_code, address, phone_number) VALUES (3, 'トマム ザ・タワー', 'hotel03.jpg', 'エゾシカが跳ねる雄大なリゾート', 12000, 4, '〒079-2204', '北海道勇払郡占冠村字中トマム', '012-345-678');
INSERT IGNORE INTO hotels (id, name, image_name, description, price, capacity, postal_code, address, phone_number) VALUES (4, '界 津軽', 'hotel04.jpg', '津軽の四季と伝統文化に浸る', 20000, 3, '〒038-0211', '青森県南津軽郡大鰐町字上牡丹森XX-X', '012-345-678');
INSERT IGNORE INTO hotels (id, name, image_name, description, price, capacity, postal_code, address, phone_number) VALUES (5, '奥入瀬渓流ホテル', 'hotel05.jpg', '阿修羅の流れが躍動する', 19000, 4, '〒034-0398', '青森県十和田市大字奥瀬字栃久保XXX', '012-345-678');
INSERT IGNORE INTO hotels (id, name, image_name, description, price, capacity, postal_code, address, phone_number) VALUES (6, '界 秋保', 'hotel06.jpg', '名取川の四季に浸る、うるはしのひととき', 29000, 2, '〒982-0241', '宮城県仙台市太白区秋保町湯元平倉X番地', '012-345-678');
INSERT IGNORE INTO hotels (id, name, image_name, description, price, capacity, postal_code, address, phone_number) VALUES (7, '磐梯山温泉ホテル', 'hotel07.jpg', '磐梯山を望む高原リゾート', 30000, 3, '〒969-3396', '福島県耶麻郡磐梯町大字更科字清水平XXXX-XX', '012-345-678');
INSERT IGNORE INTO hotels (id, name, image_name, description, price, capacity, postal_code, address, phone_number) VALUES (8, 'BEB5土浦', 'hotel08.jpg', '自転車好きも嬉しい駅ウエ', 15000, 2, '〒300-0035', '茨城県土浦市有明町X-XX', '012-345-678');
INSERT IGNORE INTO hotels (id, name, image_name, description, price, capacity, postal_code, address, phone_number) VALUES (9, '界 日光', 'hotel09.jpg', '中禅寺湖の神秘にため息', 24000, 3, '〒321-1661', '栃木県日光市中宮祠XXXX-X', '012-345-678');
INSERT IGNORE INTO hotels (id, name, image_name, description, price, capacity, postal_code, address, phone_number) VALUES (10, '星のや東京', 'hotel10.jpg', '世界都市東京によみがえる、塔の日本旅館', 40000, 3, '〒100-0004', '東京都千代田区大手町X丁目X番X', '012-345-678');
INSERT IGNORE INTO hotels (id, name, image_name, description, price, capacity, postal_code, address, phone_number) VALUES (11, 'OMO3浅草', 'hotel11.jpg', '粋だねぇ、浅草上手', 39000, 3, '〒111-0033', '東京都台東区花川戸X丁目XX-X', '012-345-678');
INSERT IGNORE INTO hotels (id, name, image_name, description, price, capacity, postal_code, address, phone_number) VALUES (12, 'OMO5東京大塚', 'hotel12.jpg', '路面電車のベルに心温まるレトロ東京', 35000, 4, '〒170-0004', '東京都豊島区北大塚X丁目XX番地X号', '012-345-678');
INSERT IGNORE INTO hotels (id, name, image_name, description, price, capacity, postal_code, address, phone_number) VALUES (13, 'OMO東京赤坂', 'hotel13.jpg', 'イイとこみっけ', 36000, 4, '〒107-0052', '東京都港区赤坂X丁目X-X', '012-345-678');
INSERT IGNORE INTO hotels (id, name, image_name, description, price, capacity, postal_code, address, phone_number) VALUES (14, '界 仙石原', 'hotel14.jpg', '内なる表現欲と出会うアトリエ温泉旅館', 28000, 5, '〒250-0631', '神奈川県足柄下郡箱根町仙石原XXX-XXX', '012-345-678');
INSERT IGNORE INTO hotels (id, name, image_name, description, price, capacity, postal_code, address, phone_number) VALUES (15, '界 箱根', 'hotel15.jpg', '寄木細工のように変幻自在', 43000, 3, '〒250-0312', '神奈川県足柄下郡箱根町湯本茶屋XXX', '012-345-678');
INSERT IGNORE INTO hotels (id, name, image_name, description, price, capacity, postal_code, address, phone_number) VALUES (16, 'OMO5金沢片町', 'hotel16.jpg', 'あっぱれ！味のかたまち', 32000, 5, '〒920-0981', '石川県金沢市片町X丁目X-XX', '012-345-678');
INSERT IGNORE INTO hotels (id, name, image_name, description, price, capacity, postal_code, address, phone_number) VALUES (17, '星のや富士', 'hotel17.jpg', '明日が分からない、丘陵のグランピング', 30000, 2, '〒401-0305', '山梨県南都留郡富士河口湖町大石XXXX', '012-345-678');
INSERT IGNORE INTO hotels (id, name, image_name, description, price, capacity, postal_code, address, phone_number) VALUES (18, '星のや軽井沢', 'hotel18.jpg', '谷の集落に滞在する', 27000, 3, '〒389-0194', '長野県軽井沢町星野', '012-345-678');
INSERT IGNORE INTO hotels (id, name, image_name, description, price, capacity, postal_code, address, phone_number) VALUES (19, '界 松本', 'hotel19.jpg', '音響抜群のロビーでコンサート', 33000, 4, '〒390-0303', '長野県松本市浅間温泉X-XX-X', '012-345-678');
INSERT IGNORE INTO hotels (id, name, image_name, description, price, capacity, postal_code, address, phone_number) VALUES (20, 'BEB5軽井沢', 'hotel20.jpg', '時間を気にせずルーズに過ごすホテル', 18000, 5, '〒389-0195', '長野県軽井沢町星野', '012-345-678');
INSERT IGNORE INTO hotels (id, name, image_name, description, price, capacity, postal_code, address, phone_number) VALUES (21, '界 アンジン', 'hotel21.jpg', 'マリンアンティークな空間で船旅気分', 28000, 4, '〒414-0023', '静岡県伊東市渚町X-XX', '012-345-678');
INSERT IGNORE INTO hotels (id, name, image_name, description, price, capacity, postal_code, address, phone_number) VALUES (22, '界 遠州', 'hotel22.jpg', '湖畔に佇む宿ならではの解放感', 35000, 3, '〒431-1209', '静岡県浜松市西区舘山寺町XXX-X', '012-345-678');
INSERT IGNORE INTO hotels (id, name, image_name, description, price, capacity, postal_code, address, phone_number) VALUES (23, '界 伊東', 'hotel23.jpg', '温泉づくし花暦の宿', 30000, 4, '〒414-0016', '静岡県伊東市岡広町X-XX', '012-345-678');
INSERT IGNORE INTO hotels (id, name, image_name, description, price, capacity, postal_code, address, phone_number) VALUES (24, '星のや京都', 'hotel24.jpg', '嵐峡の地に建つ、水辺の私邸', 24000, 3, '〒616-0007', '京都府京都市西京区嵐山元録山町XX-X', '012-345-678');
INSERT IGNORE INTO hotels (id, name, image_name, description, price, capacity, postal_code, address, phone_number) VALUES (25, 'OMO5京都祇園', 'hotel25.jpg', '今日は祇園ぐらし', 40000, 3, '〒605-0073', '京都府京都市東山区四条通大和大路東入祇園町北側XXX', '012-345-678');
INSERT IGNORE INTO hotels (id, name, image_name, description, price, capacity, postal_code, address, phone_number) VALUES (26, 'OMO5京都三条', 'hotel26.jpg', '京町らんまん川歩き', 30000, 2, '〒604-8005', '京都府中京区河原町通三条上る恵比須町XXX番X', '012-345-678');
INSERT IGNORE INTO hotels (id, name, image_name, description, price, capacity, postal_code, address, phone_number) VALUES (27, 'OMO関西空港', 'hotel27.jpg', '空チカ、ファンタイム', 35000, 5, '〒598-0048', '大阪府泉佐野市りんくう往来北X-XXX', '012-345-678');
INSERT IGNORE INTO hotels (id, name, image_name, description, price, capacity, postal_code, address, phone_number) VALUES (28, 'OMO7大阪', 'hotel28.jpg', 'ほれてまうわ、なにわ', 31000, 3, '〒556-0003', '大阪府大阪市浪速区恵美須西X丁目XX-XX', '012-345-678');
INSERT IGNORE INTO hotels (id, name, image_name, description, price, capacity, postal_code, address, phone_number) VALUES (29, '界 出雲', 'hotel29.jpg', '灯台と水平線を望むお詣り支度の宿', 28000, 2, '〒699-0763', '島根県出雲市大社町日御碕XXX', '012-345-678');
INSERT IGNORE INTO hotels (id, name, image_name, description, price, capacity, postal_code, address, phone_number) VALUES (30, '界 長門', 'hotel30.jpg', '藩主を癒した温泉街で新しい雅を体験する', 25000, 3, '〒759-4103', '山口県長門市深川湯本XXXX-X', '012-345-678');
INSERT IGNORE INTO hotels (id, name, image_name, description, price, capacity, postal_code, address, phone_number) VALUES (31, 'OMO7高知', 'hotel31.jpg', 'こじゃんと楽宴 さぁ、夜さ来い！', 24000, 4, '〒781-0832', '高知県高知市九反田X-XX', '012-345-678');
INSERT IGNORE INTO hotels (id, name, image_name, description, price, capacity, postal_code, address, phone_number) VALUES (32, '界 雲仙', 'hotel32.jpg', '地獄パワーにふれる、異国情緒の宿', 17000, 4, '〒854-0621', '長崎県雲仙市小浜町雲仙XXX', '012-345-678');
INSERT IGNORE INTO hotels (id, name, image_name, description, price, capacity, postal_code, address, phone_number) VALUES (33, 'OMO5熊本', 'hotel33.jpg', 'わさラッシュ！城下マチ', 15000, 3, '〒860-0808', '熊本県熊本市中央区手取本町X-X', '012-345-678');
INSERT IGNORE INTO hotels (id, name, image_name, description, price, capacity, postal_code, address, phone_number) VALUES (34, '界 阿蘇', 'hotel34.jpg', '火の国、水の国がもたらす神仙境', 20000, 2, '〒879-4912', '大分県玖珠郡九乗町湯坪瀬の本XXX-X', '012-345-678');
INSERT IGNORE INTO hotels (id, name, image_name, description, price, capacity, postal_code, address, phone_number) VALUES (35, '界 別府', 'hotel35.jpg', 'ドラマティック温泉街に逗留する', 30000, 4, '〒874-0920', '大分県別府市北浜X-XX-XX', '012-345-678');
INSERT IGNORE INTO hotels (id, name, image_name, description, price, capacity, postal_code, address, phone_number) VALUES (36, '界 霧島', 'hotel36.jpg', '桜島をはるかに見渡し、湯浴み小屋でうるおう宿', 27000, 3, '〒899-4201', '鹿児島県霧島市霧島田口字霧島山XXXX-XX', '012-345-678');
INSERT IGNORE INTO hotels (id, name, image_name, description, price, capacity, postal_code, address, phone_number) VALUES (37, '星のや沖縄', 'hotel37.jpg', 'グスクの居館で、海とともに暮らす', 36000, 3, '〒904-0327', '沖縄県中頭郡読谷村字儀間XXX', '012-345-678');
INSERT IGNORE INTO hotels (id, name, image_name, description, price, capacity, postal_code, address, phone_number) VALUES (38, 'OMO5沖縄那覇', 'hotel38.jpg', 'バザールって、ちむどんどん♬', 27000, 4, '〒900-0032', '沖縄県那覇市松山X丁目X番XX号', '012-345-678');
INSERT IGNORE INTO hotels (id, name, image_name, description, price, capacity, postal_code, address, phone_number) VALUES (39, 'BEB5沖縄瀬良垣', 'hotel39.jpg', 'よんな～ちゅライフ', 32000, 2, '〒904-0404', '沖縄県国頭郡恩納村瀬良垣XXXX-X', '012-345-678');


-- rolesテーブル
INSERT IGNORE INTO roles (id, name) VALUES (1, 'ROLE_GENERAL');
INSERT IGNORE INTO roles (id, name) VALUES (2, 'ROLE_ADMIN'); 


-- usersテーブル
INSERT IGNORE INTO users (id, name, furigana, postal_code, address, phone_number, email, password, role_id, enabled) VALUES (1, '井上 太郎', 'イノウエ タロウ', '101-0022', '東京都千代田区神田練塀町300番地', '090-1234-5678', 'taro.inoue@example.com', '$2a$10$2JNjTwZBwo7fprL2X4sv.OEKqxnVtsVQvuXDkI8xVGix.U3W5B7CO', 1, true);
INSERT IGNORE INTO users (id, name, furigana, postal_code, address, phone_number, email, password, role_id, enabled) VALUES (2, '田中 花子', 'タナカ ハナコ', '101-0022', '東京都千代田区神田練塀町300番地', '090-1234-5678', 'hanako.tanaka@example.com', '$2a$10$2JNjTwZBwo7fprL2X4sv.OEKqxnVtsVQvuXDkI8xVGix.U3W5B7CO', 2, true);
INSERT IGNORE INTO users (id, name, furigana, postal_code, address, phone_number, email, password, role_id, enabled) VALUES (3, '暁 義勝', 'アカツキ ヨシカツ', '638-0644', '奈良県五條市西吉野町湯川X-XX-XX', '090-1234-5678', 'yoshikatsu.akathuki@example.com', 'password', 1, false);
INSERT IGNORE INTO users (id, name, furigana, postal_code, address, phone_number, email, password, role_id, enabled) VALUES (4, '吉田 幸美', 'ヨシダ サチミ', '342-0006', '埼玉県吉川市南広島X-XX-XX', '090-1234-5678', 'sachimi.yoshida@example.com', 'password', 1, false);
INSERT IGNORE INTO users (id, name, furigana, postal_code, address, phone_number, email, password, role_id, enabled) VALUES (5, '大倉 雅', 'オオクラ ミヤビ', '527-0209', '滋賀県東近江市佐目町X-XX-XX', '090-1234-5678', 'miyabi.okura@example.com', 'password', 1, false);
INSERT IGNORE INTO users (id, name, furigana, postal_code, address, phone_number, email, password, role_id, enabled) VALUES (6, '丸山 正保', 'マルヤマ マサヤス', '989-1203', '宮城県柴田郡大河原町旭町X-XX-XX', '090-1234-5678', 'masayasu.maruyama@example.com', 'password', 1, false);
INSERT IGNORE INTO users (id, name, furigana, postal_code, address, phone_number, email, password, role_id, enabled) VALUES (7, '村上 真由美', 'ムラカミ マユミ', '951-8015', '新潟県新潟市松岡町X-XX-XX', '090-1234-5678', 'mayumi.murakami@example.com', 'password', 1, false);
INSERT IGNORE INTO users (id, name, furigana, postal_code, address, phone_number, email, password, role_id, enabled) VALUES (8, '横山 安民', 'ヨコヤマ ヤスタミ', '241-0033', '神奈川県横浜市旭区今川町X-XX-XX', '090-1234-5678', 'yasutami.yokoyama@example.com', 'password', 1, false);
INSERT IGNORE INTO users (id, name, furigana, postal_code, address, phone_number, email, password, role_id, enabled) VALUES (9, '安田 章緒', 'ヤスダ アキオ', '739-2103', '広島県東広島市高屋町宮領X-XX-XX', '090-1234-5678', 'akio.yasuda@example.com', 'password', 1, false);
INSERT IGNORE INTO users (id, name, furigana, postal_code, address, phone_number, email, password, role_id, enabled) VALUES (10, '足立 祐子', 'アダチ ユウコ', '601-0761', '京都府南丹市美山町高野X-XX-XX', '090-1234-5678', 'yuko.adachi@example.com', 'password', 1, false);
INSERT IGNORE INTO users (id, name, furigana, postal_code, address, phone_number, email, password, role_id, enabled) VALUES (11, '橘 秋美', 'タチバナ アキミ', '606-8235', '京都府京都市左京区田中西春菜町X-XX-XX', '090-1234-5678', 'akimi.tachibana@example.com', 'password', 1, false);
INSERT IGNORE INTO users (id, name, furigana, postal_code, address, phone_number, email, password, role_id, enabled) VALUES (12, '冨岡 信平', 'トミオカ シンペイ', '673-1324', '兵庫県加東市新定X-XX-XX', '090-1234-5678', 'shinpei.tomioka@example.com', 'password', 1, false);

-- reservationsテーブル
INSERT IGNORE INTO reservations (id, hotel_id, user_id, checkin_date, checkout_date, number_of_people, amount) VALUES (1, 1, 1, '2013-05-04', '2013-05-06', 2, 31000);
INSERT IGNORE INTO reservations (id, hotel_id, user_id, checkin_date, checkout_date, number_of_people, amount) VALUES (2, 2, 1, '2014-07-07', '2014-07-08', 2, 32000);
INSERT IGNORE INTO reservations (id, hotel_id, user_id, checkin_date, checkout_date, number_of_people, amount) VALUES (3, 3, 1, '2015-10-23', '2015-10-26', 4, 12000);
INSERT IGNORE INTO reservations (id, hotel_id, user_id, checkin_date, checkout_date, number_of_people, amount) VALUES (4, 4, 1, '2016-11-15', '2016-11-16', 3, 20000);
INSERT IGNORE INTO reservations (id, hotel_id, user_id, checkin_date, checkout_date, number_of_people, amount) VALUES (5, 5, 1, '2017-09-08', '2017-09-10', 2, 10000);
INSERT IGNORE INTO reservations (id, hotel_id, user_id, checkin_date, checkout_date, number_of_people, amount) VALUES (6, 6, 1, '2018-12-03', '2018-12-07', 2, 19000);
INSERT IGNORE INTO reservations (id, hotel_id, user_id, checkin_date, checkout_date, number_of_people, amount) VALUES (7, 7, 1, '2019-06-18', '2019-06-19', 3, 29000);
INSERT IGNORE INTO reservations (id, hotel_id, user_id, checkin_date, checkout_date, number_of_people, amount) VALUES (8, 8, 1, '2020-02-01', '2020-02-02', 2, 30000);
INSERT IGNORE INTO reservations (id, hotel_id, user_id, checkin_date, checkout_date, number_of_people, amount) VALUES (9, 9, 1, '2022-11-27', '2022-11-29', 1, 15000);
INSERT IGNORE INTO reservations (id, hotel_id, user_id, checkin_date, checkout_date, number_of_people, amount) VALUES (10, 10, 1, '2023-08-04', '2023-08-05', 2, 24000);
INSERT IGNORE INTO reservations (id, hotel_id, user_id, checkin_date, checkout_date, number_of_people, amount) VALUES (11, 11, 1, '2023-10-13', '2023-10-14', 3, 40000);

